task,Clinical Readability,Clinical Reliability,Deployment Readiness,Scientific Rigor,Overall Assessment,Overall Score
Score1,4.0,4.25,4.333333333333333,4.333333333333333,4.333333333333333,4.25
Score10,4.0,4.25,4.0,4.666666666666667,4.0,4.183333333333334
Score11,3.75,3.0,2.6666666666666665,4.666666666666667,4.0,3.6166666666666663
Score12,3.5,3.0,3.0,4.666666666666667,3.6666666666666665,3.5666666666666664
Score13,4.75,4.0,3.3333333333333335,5.0,4.333333333333333,4.283333333333333
Score14,4.0,4.0,4.333333333333333,4.333333333333333,4.0,4.133333333333333
Score15,4.5,4.5,4.333333333333333,4.666666666666667,5.0,4.6
Score16,4.75,4.75,5.0,4.666666666666667,5.0,4.833333333333334
Score17,3.5,2.25,2.3333333333333335,4.666666666666667,3.6666666666666665,3.2833333333333337
Score2,4.75,4.25,4.0,4.666666666666667,4.666666666666667,4.466666666666667
Score3,3.5,3.25,2.3333333333333335,4.666666666666667,3.6666666666666665,3.4833333333333334
Score4,4.0,3.5,3.6666666666666665,4.333333333333333,4.0,3.9
Score5,4.75,4.75,4.333333333333333,5.0,5.0,4.766666666666667
Score6,4.75,4.5,4.333333333333333,5.0,4.666666666666667,4.65
Score7,4.75,4.75,4.333333333333333,4.666666666666667,5.0,4.7
Score8,4.0,4.0,4.0,4.333333333333333,4.333333333333333,4.133333333333333
Score9,4.25,4.5,4.0,5.0,4.333333333333333,4.416666666666666
